{
  "saved_at": "2026-05-18T00:03:01.978640+00:00",
  "tools": {
    "BragSheetBuilder": 0.0030319171492010355,
    "ConflictCoach": 0.004622583044692874,
    "ApologyCalibrator": 7.994737959001213,
    "BrainDumpBuddy": 9.157575833844021,
    "BatchFlow": 9.875008040806279,
    "ComebackCooker": 10.13430487504229,
    "CaptionMagic": 11.551204750081524,
    "BrainRoulette": 12.917654125019908,
    "DateNight": 14.159496125066653,
    "DecisionCoach": 16.613286500098184,
    "DebateMe": 17.446892166975886,
    "AlternatePath": 18.77917654090561,
    "AnalogyEngine": 20.202102334005758,
    "ArgumentSimulator": 20.587918624980375,
    "CrisisPrioritizer": 21.232283999910578,
    "BeliefStressTest": 21.38903058297001,
    "ColdOpenCraft": 21.86189812491648,
    "AwkwardSilenceFiller": 23.530158624984324,
    "ContrastReport": 26.135057165985927,
    "ChaosPilot": 26.355724290944636,
    "DecoderRing": 30.692536792019382,
    "EmailUrgencyTriager": 32.7569437911734,
    "CrowdWisdom": 34.962038500001654,
    "Bookmark": 35.66214166698046,
    "EgoKiller": 36.80064433394,
    "DriveHome": 37.06510195811279,
    "BrainStateDeejay": 42.481299583101645,
    "BikeMedic": 43.34884312516078,
    "BuyWise": 63.80611520889215,
    "BillRescue": 80.12651312490925,
    "DoctorVisitTranslator": 80.759989624843,
    "DoctorVisitPrep": 97.76387295895256,
    "ComplaintEscalationWriter": 120.00118175009266,
    "DreamPatternSpotter": 120.00123154185712
  }
}