{
  "saved_at": "2026-05-17T03:06:43.626024+00:00",
  "tools": {
    "BatchFlow": 13.362580792047083,
    "AnalogyEngine": 18.17567783407867
  }
}